novada_kods,pagasts,pagasta_kods,novada_nosaukums
0010000,Rīga,0010000,Rīga
0050000,Daugavpils,0050000,Daugavpils
0090000,Jelgava,0090000,Jelgava
0110000,Jēkabpils,0110000,Jēkabpils
0130000,Jūrmala,0130000,Jūrmala
0170000,Liepāja,0170000,Liepāja
0210000,Rēzekne,0210000,Rēzekne
0250000,Valmiera,0250000,Valmiera
0270000,Ventspils,0270000,Ventspils
0320200,Aizkraukles novads,0320200,Aizkraukles novads
0320200,Aizkraukles pilsēta,0320201,Aizkraukles novads
0320200,Aizkraukles pagasts,0320244,Aizkraukles novads
0321000,Jaunjelgavas novads,0321000,Jaunjelgavas novads
0321000,Jaunjelgavas pilsēta,0321007,Jaunjelgavas novads
0321000,Jaunjelgavas pagasts,0321027,Jaunjelgavas novads
0321000,Daudzeses pagasts,0321050,Jaunjelgavas novads
0321000,Seces pagasts,0321078,Jaunjelgavas novads
0321000,Sērenes pagasts,0321080,Jaunjelgavas novads
0321000,Staburaga pagasts,0321084,Jaunjelgavas novads
0321000,Sunākstes pagasts,0321086,Jaunjelgavas novads
0321400,Pļaviņu novads,0321400,Pļaviņu novads
0321400,Pļaviņu pilsēta,0321413,Pļaviņu novads
0321400,Aiviekstes pagasts,0321442,Pļaviņu novads
0321400,Klintaines pagasts,0321458,Pļaviņu novads
0321400,Vietalvas pagasts,0321492,Pļaviņu novads
0326100,Kokneses novads,0326100,Kokneses novads
0326100,Bebru pagasts,0326146,Kokneses novads
0326100,Iršu pagasts,0326154,Kokneses novads
0326100,Kokneses pagasts,0326160,Kokneses novads
0327100,Neretas novads,0327100,Neretas novads
0327100,Mazzalves pagasts,0327166,Neretas novads
0327100,Neretas pagasts,0327170,Neretas novads
0327100,Pilskalnes pagasts,0327174,Neretas novads
0327100,Zalves pagasts,0327196,Neretas novads
0328200,Skrīveru novads,0328200,Skrīveru novads
0360200,Alūksnes novads,0360200,Alūksnes novads
0360200,Alūksnes pilsēta,0360201,Alūksnes novads
0360200,Alsviķu pagasts,0360242,Alūksnes novads
0360200,Annas pagasts,0360244,Alūksnes novads
0360200,Ilzenes pagasts,0360252,Alūksnes novads
0360200,Jaunalūksnes pagasts,0360256,Alūksnes novads
0360200,Jaunannas pagasts,0360258,Alūksnes novads
0360200,Jaunlaicenes pagasts,0360260,Alūksnes novads
0360200,Kalncempju pagasts,0360264,Alūksnes novads
0360200,Liepnas pagasts,0360268,Alūksnes novads
0360200,Malienas pagasts,0360272,Alūksnes novads
0360200,Mālupes pagasts,0360274,Alūksnes novads
0360200,Mārkalnes pagasts,0360276,Alūksnes novads
0360200,Pededzes pagasts,0360280,Alūksnes novads
0360200,Veclaicenes pagasts,0360288,Alūksnes novads
0360200,Zeltiņu pagasts,0360294,Alūksnes novads
0360200,Ziemera pagasts,0360296,Alūksnes novads
0360800,Apes novads,0360800,Apes novads
0360800,Apes pilsēta,0360805,Apes novads
0360800,Apes pagasts,0360825,Apes novads
0360800,Gaujienas pagasts,0360848,Apes novads
0360800,Trapenes pagasts,0360884,Apes novads
0360800,Virešu pagasts,0360890,Apes novads
0380200,Balvu novads,0380200,Balvu novads
0380200,Balvu pilsēta,0380201,Balvu novads
0380200,Balvu pagasts,0380246,Balvu novads
0380200,Bērzkalnes pagasts,0380248,Balvu novads
0380200,Bērzpils pagasts,0380250,Balvu novads
0380200,Briežuciema pagasts,0380252,Balvu novads
0380200,Krišjāņu pagasts,0380256,Balvu novads
0380200,Kubulu pagasts,0380258,Balvu novads
0380200,Lazdulejas pagasts,0380266,Balvu novads
0380200,Tilžas pagasts,0380286,Balvu novads
0380200,Vectilžas pagasts,0380290,Balvu novads
0380200,Vīksnas pagasts,0380294,Balvu novads
0381600,Viļakas novads,0381600,Viļakas novads
0381600,Viļakas pilsēta,0381615,Viļakas novads
0381600,Kupravas pagasts,0381660,Viļakas novads
0381600,Medņevas pagasts,0381670,Viļakas novads
0381600,Susāju pagasts,0381678,Viļakas novads
0381600,Šķilbēnu pagasts,0381682,Viļakas novads
0381600,Vecumu pagasts,0381692,Viļakas novads
0381600,Žīguru pagasts,0381698,Viļakas novads
0384400,Baltinavas novads,0384400,Baltinavas novads
0387500,Rugāju novads,0387500,Rugāju novads
0387500,Lazdukalna pagasts,0387564,Rugāju novads
0387500,Rugāju pagasts,0387574,Rugāju novads
0400200,Bauskas novads,0400200,Bauskas novads
0400200,Bauskas pilsēta,0400201,Bauskas novads
0400200,Brunavas pagasts,0400246,Bauskas novads
0400200,Ceraukstes pagasts,0400250,Bauskas novads
0400200,Codes pagasts,0400252,Bauskas novads
0400200,Dāviņu pagasts,0400256,Bauskas novads
0400200,Gailīšu pagasts,0400260,Bauskas novads
0400200,Īslīces pagasts,0400268,Bauskas novads
0400200,Mežotnes pagasts,0400272,Bauskas novads
0400200,Vecsaules pagasts,0400292,Bauskas novads
0406400,Iecavas novads,0406400,Iecavas novads
0407700,Rundāles novads,0407700,Rundāles novads
0407700,Rundāles pagasts,0407776,Rundāles novads
0407700,Svitenes pagasts,0407788,Rundāles novads
0407700,Viesturu pagasts,0407796,Rundāles novads
0409500,Vecumnieku novads,0409500,Vecumnieku novads
0409500,Bārbeles pagasts,0409544,Vecumnieku novads
0409500,Kurmenes pagasts,0409562,Vecumnieku novads
0409500,Skaistkalnes pagasts,0409580,Vecumnieku novads
0409500,Stelpes pagasts,0409584,Vecumnieku novads
0409500,Valles pagasts,0409590,Vecumnieku novads
0409500,Vecumnieku pagasts,0409594,Vecumnieku novads
0420200,Cēsu novads,0420200,Cēsu novads
0420200,Cēsu pilsēta,0420201,Cēsu novads
0420200,Vaives pagasts,0420290,Cēsu novads
0421200,Līgatnes novads,0421200,Līgatnes novads
0421200,Līgatnes pilsēta,0421211,Līgatnes novads
0421200,Līgatnes pagasts,0421262,Līgatnes novads
0424701,Amatas novads,0424701,Amatas novads
0424701,Amatas pagasts,0424742,Amatas novads
0424701,Drabešu pagasts,0424746,Amatas novads
0424701,Nītaures pagasts,0424768,Amatas novads
0424701,Skujenes pagasts,0424778,Amatas novads
0424701,Zaubes pagasts,0424796,Amatas novads
0425700,Jaunpiebalgas novads,0425700,Jaunpiebalgas novads
0425700,Jaunpiebalgas pagasts,0425756,Jaunpiebalgas novads
0425700,Zosēnu pagasts,0425798,Jaunpiebalgas novads
0427300,Priekuļu novads,0427300,Priekuļu novads
0427300,Liepas pagasts,0427360,Priekuļu novads
0427300,Mārsnēnu pagasts,0427364,Priekuļu novads
0427300,Priekuļu pagasts,0427372,Priekuļu novads
0427300,Veselavas pagasts,0427394,Priekuļu novads
0427500,Pārgaujas novads,0427500,Pārgaujas novads
0427500,Raiskuma pagasts,0427574,Pārgaujas novads
0427500,Stalbes pagasts,0427580,Pārgaujas novads
0427500,Straupes pagasts,0427582,Pārgaujas novads
0427700,Raunas novads,0427700,Raunas novads
0427700,Drustu pagasts,0427748,Raunas novads
0427700,Raunas pagasts,0427776,Raunas novads
0429300,Vecpiebalgas novads,0429300,Vecpiebalgas novads
0429300,Dzērbenes pagasts,0429350,Vecpiebalgas novads
0429300,Inešu pagasts,0429354,Vecpiebalgas novads
0429300,Kaives pagasts,0429358,Vecpiebalgas novads
0429300,Taurenes pagasts,0429386,Vecpiebalgas novads
0429300,Vecpiebalgas pagasts,0429392,Vecpiebalgas novads
0440200,Daugavpils novads,0440200,Daugavpils novads
0440200,Ambeļu pagasts,0440242,Daugavpils novads
0440200,Biķernieku pagasts,0440246,Daugavpils novads
0440200,Demenes pagasts,0440250,Daugavpils novads
0440200,Dubnas pagasts,0440252,Daugavpils novads
0440200,Kalkūnes pagasts,0440260,Daugavpils novads
0440200,Kalupes pagasts,0440262,Daugavpils novads
0440200,Laucesas pagasts,0440264,Daugavpils novads
0440200,Līksnas pagasts,0440268,Daugavpils novads
0440200,Maļinovas pagasts,0440270,Daugavpils novads
0440200,Medumu pagasts,0440272,Daugavpils novads
0440200,Naujenes pagasts,0440274,Daugavpils novads
0440200,Nīcgales pagasts,0440276,Daugavpils novads
0440200,Salienas pagasts,0440284,Daugavpils novads
0440200,Skrudalienas pagasts,0440286,Daugavpils novads
0440200,Sventes pagasts,0440288,Daugavpils novads
0440200,Tabores pagasts,0440292,Daugavpils novads
0440200,Vaboles pagasts,0440294,Daugavpils novads
0440200,Vecsalienas pagasts,0440296,Daugavpils novads
0440200,Višķu pagasts,0440298,Daugavpils novads
0440801,Ilūkstes novads,0440801,Ilūkstes novads
0440801,Ilūkstes pilsēta,0440807,Ilūkstes novads
0440801,Subates pilsēta,0440815,Ilūkstes novads
0440801,Prodes pagasts,0440835,Ilūkstes novads
0440801,Bebrenes pagasts,0440844,Ilūkstes novads
0440801,Dvietes pagasts,0440854,Ilūkstes novads
0440801,Eglaines pagasts,0440856,Ilūkstes novads
0440801,Pilskalnes pagasts,0440880,Ilūkstes novads
0440801,Šēderes pagasts,0440890,Ilūkstes novads
0460200,Dobeles novads,0460200,Dobeles novads
0460200,Dobeles pilsēta,0460201,Dobeles novads
0460200,Annenieku pagasts,0460242,Dobeles novads
0460200,Auru pagasts,0460246,Dobeles novads
0460200,Bērzes pagasts,0460252,Dobeles novads
0460200,Bikstu pagasts,0460254,Dobeles novads
0460200,Dobeles pagasts,0460260,Dobeles novads
0460200,Jaunbērzes pagasts,0460268,Dobeles novads
0460200,Krimūnu pagasts,0460272,Dobeles novads
0460200,Naudītes pagasts,0460280,Dobeles novads
0460200,Penkules pagasts,0460284,Dobeles novads
0460200,Zebrenes pagasts,0460298,Dobeles novads
0460800,Auces novads,0460800,Auces novads
0460800,Auces pilsēta,0460805,Auces novads
0460800,Vecauces pagasts,0460825,Auces novads
0460800,Bēnes pagasts,0460850,Auces novads
0460800,Īles pagasts,0460864,Auces novads
0460800,Lielauces pagasts,0460876,Auces novads
0460800,Ukru pagasts,0460890,Auces novads
0460800,Vītiņu pagasts,0460894,Auces novads
0468900,Tērvetes novads,0468900,Tērvetes novads
0468900,Augstkalnes pagasts,0468944,Tērvetes novads
0468900,Bukaišu pagasts,0468956,Tērvetes novads
0468900,Tērvetes pagasts,0468988,Tērvetes novads
0500200,Gulbenes novads,0500200,Gulbenes novads
0500200,Gulbenes pilsēta,0500201,Gulbenes novads
0500200,Beļavas pagasts,0500244,Gulbenes novads
0500200,Daukstu pagasts,0500248,Gulbenes novads
0500200,Druvienas pagasts,0500252,Gulbenes novads
0500200,Galgauskas pagasts,0500256,Gulbenes novads
0500200,Jaungulbenes pagasts,0500260,Gulbenes novads
0500200,Lejasciema pagasts,0500264,Gulbenes novads
0500200,Litenes pagasts,0500268,Gulbenes novads
0500200,Lizuma pagasts,0500272,Gulbenes novads
0500200,Līgo pagasts,0500276,Gulbenes novads
0500200,Rankas pagasts,0500284,Gulbenes novads
0500200,Stāmerienas pagasts,0500288,Gulbenes novads
0500200,Stradu pagasts,0500290,Gulbenes novads
0500200,Tirzas pagasts,0500294,Gulbenes novads
0540200,Jelgavas novads,0540200,Jelgavas novads
0540200,Elejas pagasts,0540248,Jelgavas novads
0540200,Glūdas pagasts,0540252,Jelgavas novads
0540200,Jaunsvirlaukas pagasts,0540256,Jelgavas novads
0540200,Kalnciema pagasts,0540258,Jelgavas novads
0540200,Lielplatones pagasts,0540260,Jelgavas novads
0540200,Līvbērzes pagasts,0540262,Jelgavas novads
0540200,Platones pagasts,0540270,Jelgavas novads
0540200,Sesavas pagasts,0540274,Jelgavas novads
0540200,Svētes pagasts,0540282,Jelgavas novads
0540200,Valgundes pagasts,0540286,Jelgavas novads
0540200,Vilces pagasts,0540290,Jelgavas novads
0540200,Vircavas pagasts,0540292,Jelgavas novads
0540200,Zaļenieku pagasts,0540296,Jelgavas novads
0546701,Ozolnieku novads,0546701,Ozolnieku novads
0546701,Cenu pagasts,0546744,Ozolnieku novads
0546701,Ozolnieku pagasts,0546766,Ozolnieku novads
0546701,Salgales pagasts,0546778,Ozolnieku novads
0560200,Jēkabpils novads,0560200,Jēkabpils novads
0560200,Ābeļu pagasts,0560248,Jēkabpils novads
0560200,Dignājas pagasts,0560252,Jēkabpils novads
0560200,Dunavas pagasts,0560254,Jēkabpils novads
0560200,Kalna pagasts,0560266,Jēkabpils novads
0560200,Leimaņu pagasts,0560274,Jēkabpils novads
0560200,Rubenes pagasts,0560282,Jēkabpils novads
0560200,Zasas pagasts,0560298,Jēkabpils novads
0560800,Aknīstes novads,0560800,Aknīstes novads
0560800,Aknīstes pilsēta,0560805,Aknīstes novads
0560800,Aknīstes pagasts,0560825,Aknīstes novads
0560800,Asares pagasts,0560844,Aknīstes novads
0560800,Gārsenes pagasts,0560862,Aknīstes novads
0561800,Viesītes novads,0561800,Viesītes novads
0561800,Viesītes pilsēta,0561815,Viesītes novads
0561800,Viesītes pagasts,0561835,Viesītes novads
0561800,Elkšņu pagasts,0561858,Viesītes novads
0561800,Rites pagasts,0561880,Viesītes novads
0561800,Saukas pagasts,0561888,Viesītes novads
0566900,Krustpils novads,0566900,Krustpils novads
0566900,Atašienes pagasts,0566946,Krustpils novads
0566900,Krustpils pagasts,0566968,Krustpils novads
0566900,Kūku pagasts,0566970,Krustpils novads
0566900,Mežāres pagasts,0566976,Krustpils novads
0566900,Variešu pagasts,0566994,Krustpils novads
0566900,Vīpes pagasts,0566996,Krustpils novads
0568700,Salas novads,0568700,Salas novads
0568700,Salas pagasts,0568786,Salas novads
0568700,Sēlpils pagasts,0568790,Salas novads
0600202,Krāslavas novads,0600202,Krāslavas novads
0600202,Krāslavas pilsēta,0600201,Krāslavas novads
0600202,Aulejas pagasts,0600248,Krāslavas novads
0600202,Indras pagasts,0600262,Krāslavas novads
0600202,Izvaltas pagasts,0600264,Krāslavas novads
0600202,Kalniešu pagasts,0600268,Krāslavas novads
0600202,Kaplavas pagasts,0600270,Krāslavas novads
0600202,Kombuļu pagasts,0600274,Krāslavas novads
0600202,Krāslavas pagasts,0600278,Krāslavas novads
0600202,Piedrujas pagasts,0600284,Krāslavas novads
0600202,Robežnieku pagasts,0600286,Krāslavas novads
0600202,Skaistas pagasts,0600288,Krāslavas novads
0600202,Ūdrīšu pagasts,0600296,Krāslavas novads
0601000,Dagdas novads,0601000,Dagdas novads
0601000,Dagdas pilsēta,0601009,Dagdas novads
0601000,Andrupenes pagasts,0601042,Dagdas novads
0601000,Andzeļu pagasts,0601044,Dagdas novads
0601000,Asūnes pagasts,0601046,Dagdas novads
0601000,Bērziņu pagasts,0601050,Dagdas novads
0601000,Dagdas pagasts,0601054,Dagdas novads
0601000,Ezernieku pagasts,0601056,Dagdas novads
0601000,Konstantinovas pagasts,0601076,Dagdas novads
0601000,Ķepovas pagasts,0601080,Dagdas novads
0601000,Svariņu pagasts,0601090,Dagdas novads
0601000,Šķaunes pagasts,0601092,Dagdas novads
0604300,Aglonas novads,0604300,Aglonas novads
0604300,Aglonas pagasts,0604342,Aglonas novads
0604300,Grāveru pagasts,0604358,Aglonas novads
0604300,Kastuļinas pagasts,0604372,Aglonas novads
0604300,Šķeltovas pagasts,0604394,Aglonas novads
0620200,Kuldīgas novads,0620200,Kuldīgas novads
0620200,Kuldīgas pilsēta,0620201,Kuldīgas novads
0620200,Ēdoles pagasts,0620246,Kuldīgas novads
0620200,Gudenieku pagasts,0620250,Kuldīgas novads
0620200,Īvandes pagasts,0620254,Kuldīgas novads
0620200,Kabiles pagasts,0620258,Kuldīgas novads
0620200,Kurmāles pagasts,0620260,Kuldīgas novads
0620200,Laidu pagasts,0620264,Kuldīgas novads
0620200,Padures pagasts,0620272,Kuldīgas novads
0620200,Pelču pagasts,0620274,Kuldīgas novads
0620200,Rendas pagasts,0620280,Kuldīgas novads
0620200,Rumbas pagasts,0620284,Kuldīgas novads
0620200,Snēpeles pagasts,0620290,Kuldīgas novads
0620200,Turlavas pagasts,0620292,Kuldīgas novads
0620200,Vārmes pagasts,0620296,Kuldīgas novads
0621200,Skrundas novads,0621200,Skrundas novads
0621200,Skrundas pilsēta,0621209,Skrundas novads
0621200,Skrundas pagasts,0621229,Skrundas novads
0621200,Nīkrāces pagasts,0621268,Skrundas novads
0621200,Raņķu pagasts,0621278,Skrundas novads
0621200,Rudbāržu pagasts,0621282,Skrundas novads
0624200,Alsungas novads,0624200,Alsungas novads
0640600,Aizputes novads,0640600,Aizputes novads
0640600,Aizputes pilsēta,0640605,Aizputes novads
0640600,Aizputes pagasts,0640642,Aizputes novads
0640600,Cīravas pagasts,0640648,Aizputes novads
0640600,Kalvenes pagasts,0640666,Aizputes novads
0640600,Kazdangas pagasts,0640668,Aizputes novads
0640600,Lažas pagasts,0640672,Aizputes novads
0640801,Durbes novads,0640801,Durbes novads
0640801,Durbes pilsēta,0640807,Durbes novads
0640801,Durbes pagasts,0640827,Durbes novads
0640801,Dunalkas pagasts,0640850,Durbes novads
0640801,Tadaiķu pagasts,0640888,Durbes novads
0640801,Vecpils pagasts,0640894,Durbes novads
0641000,Grobiņas novads,0641000,Grobiņas novads
0641000,Grobiņas pilsēta,0641009,Grobiņas novads
0641000,Bārtas pagasts,0641044,Grobiņas novads
0641000,Gaviezes pagasts,0641056,Grobiņas novads
0641000,Grobiņas pagasts,0641060,Grobiņas novads
0641000,Medzes pagasts,0641076,Grobiņas novads
0641401,Pāvilostas novads,0641401,Pāvilostas novads
0641401,Pāvilostas pilsēta,0641413,Pāvilostas novads
0641401,Sakas pagasts,0641486,Pāvilostas novads
0641401,Vērgales pagasts,0641496,Pāvilostas novads
0641600,Priekules novads,0641600,Priekules novads
0641600,Priekules pilsēta,0641615,Priekules novads
0641600,Bunkas pagasts,0641646,Priekules novads
0641600,Gramzdas pagasts,0641658,Priekules novads
0641600,Kalētu pagasts,0641664,Priekules novads
0641600,Priekules pagasts,0641682,Priekules novads
0641600,Virgas pagasts,0641698,Priekules novads
0647900,Nīcas novads,0647900,Nīcas novads
0647900,Nīcas pagasts,0647978,Nīcas novads
0647900,Otaņķu pagasts,0647980,Nīcas novads
0648500,Rucavas novads,0648500,Rucavas novads
0648500,Dunikas pagasts,0648552,Rucavas novads
0648500,Rucavas pagasts,0648584,Rucavas novads
0649300,Vaiņodes novads,0649300,Vaiņodes novads
0649300,Embūtes pagasts,0649354,Vaiņodes novads
0649300,Vaiņodes pagasts,0649392,Vaiņodes novads
0660200,Limbažu novads,0660200,Limbažu novads
0660200,Limbažu pilsēta,0660201,Limbažu novads
0660200,Katvaru pagasts,0660252,Limbažu novads
0660200,Limbažu pagasts,0660264,Limbažu novads
0660200,Pāles pagasts,0660268,Limbažu novads
0660200,Skultes pagasts,0660276,Limbažu novads
0660200,Umurgas pagasts,0660280,Limbažu novads
0660200,Vidrižu pagasts,0660284,Limbažu novads
0660200,Viļķenes pagasts,0660288,Limbažu novads
0661000,Alojas novads,0661000,Alojas novads
0661000,Alojas pilsēta,0661007,Alojas novads
0661000,Staiceles pilsēta,0661017,Alojas novads
0661000,Alojas pagasts,0661027,Alojas novads
0661000,Staiceles pagasts,0661037,Alojas novads
0661000,Braslavas pagasts,0661044,Alojas novads
0661000,Brīvzemnieku pagasts,0661048,Alojas novads
0661400,Salacgrīvas novads,0661400,Salacgrīvas novads
0661400,Ainažu pilsēta,0661405,Salacgrīvas novads
0661400,Salacgrīvas pilsēta,0661415,Salacgrīvas novads
0661400,Ainažu pagasts,0661425,Salacgrīvas novads
0661400,Salacgrīvas pagasts,0661435,Salacgrīvas novads
0661400,Liepupes pagasts,0661460,Salacgrīvas novads
0680200,Ludzas novads,0680200,Ludzas novads
0680200,Ludzas pilsēta,0680201,Ludzas novads
0680200,Briģu pagasts,0680246,Ludzas novads
0680200,Cirmas pagasts,0680250,Ludzas novads
0680200,Isnaudas pagasts,0680258,Ludzas novads
0680200,Istras pagasts,0680260,Ludzas novads
0680200,Nirzas pagasts,0680278,Ludzas novads
0680200,Ņukšu pagasts,0680280,Ludzas novads
0680200,Pildas pagasts,0680286,Ludzas novads
0680200,Pureņu pagasts,0680288,Ludzas novads
0680200,Rundēnu pagasts,0680292,Ludzas novads
0681000,Kārsavas novads,0681000,Kārsavas novads
0681000,Kārsavas pilsēta,0681009,Kārsavas novads
0681000,Goliševas pagasts,0681054,Kārsavas novads
0681000,Malnavas pagasts,0681068,Kārsavas novads
0681000,Mežvidu pagasts,0681070,Kārsavas novads
0681000,Mērdzenes pagasts,0681072,Kārsavas novads
0681000,Salnavas pagasts,0681094,Kārsavas novads
0681801,Zilupes novads,0681801,Zilupes novads
0681801,Zilupes pilsēta,0681817,Zilupes novads
0681801,Lauderu pagasts,0681864,Zilupes novads
0681801,Pasienes pagasts,0681884,Zilupes novads
0681801,Zaļesjes pagasts,0681896,Zilupes novads
0684901,Ciblas novads,0684901,Ciblas novads
0684901,Blontu pagasts,0684944,Ciblas novads
0684901,Ciblas pagasts,0684948,Ciblas novads
0684901,Līdumnieku pagasts,0684966,Ciblas novads
0684901,Pušmucovas pagasts,0684990,Ciblas novads
0684901,Zvirgzdenes pagasts,0684998,Ciblas novads
0700200,Madonas novads,0700200,Madonas novads
0700200,Madonas pilsēta,0700201,Madonas novads
0700200,Aronas pagasts,0700242,Madonas novads
0700200,Barkavas pagasts,0700244,Madonas novads
0700200,Bērzaunes pagasts,0700246,Madonas novads
0700200,Dzelzavas pagasts,0700250,Madonas novads
0700200,Kalsnavas pagasts,0700262,Madonas novads
0700200,Lazdonas pagasts,0700266,Madonas novads
0700200,Liezēres pagasts,0700268,Madonas novads
0700200,Ļaudonas pagasts,0700270,Madonas novads
0700200,Mārcienas pagasts,0700274,Madonas novads
0700200,Mētrienas pagasts,0700276,Madonas novads
0700200,Ošupes pagasts,0700282,Madonas novads
0700200,Praulienas pagasts,0700286,Madonas novads
0700200,Sarkaņu pagasts,0700290,Madonas novads
0700200,Vestienas pagasts,0700296,Madonas novads
0700800,Cesvaines novads,0700800,Cesvaines novads
0700800,Cesvaines pilsēta,0700807,Cesvaines novads
0700800,Cesvaines pagasts,0700827,Cesvaines novads
0701400,Lubānas novads,0701400,Lubānas novads
0701400,Lubānas pilsēta,0701413,Lubānas novads
0701400,Indrānu pagasts,0701458,Lubānas novads
0701800,Varakļānu novads,0701800,Varakļānu novads
0701800,Varakļānu pilsēta,0701817,Varakļānu novads
0701800,Murmastienes pagasts,0701878,Varakļānu novads
0701800,Varakļānu pagasts,0701894,Varakļānu novads
0705500,Ērgļu novads,0705500,Ērgļu novads
0705500,Ērgļu pagasts,0705554,Ērgļu novads
0705500,Jumurdas pagasts,0705560,Ērgļu novads
0705500,Sausnējas pagasts,0705592,Ērgļu novads
0740202,Ogres novads,0740202,Ogres novads
0740202,Ogres pilsēta,0740201,Ogres novads
0740202,Krapes pagasts,0740252,Ogres novads
0740202,Ķeipenes pagasts,0740256,Ogres novads
0740202,Lauberes pagasts,0740260,Ogres novads
0740202,Madlienas pagasts,0740268,Ogres novads
0740202,Mazozolu pagasts,0740272,Ogres novads
0740202,Meņģeles pagasts,0740276,Ogres novads
0740202,Ogresgala pagasts,0740280,Ogres novads
0740202,Suntažu pagasts,0740288,Ogres novads
0740202,Taurupes pagasts,0740292,Ogres novads
0740600,Ikšķiles novads,0740600,Ikšķiles novads
0740600,Ikšķiles pilsēta,0740605,Ikšķiles novads
0740600,Tīnūžu pagasts,0740625,Ikšķiles novads
0741001,Ķeguma novads,0741001,Ķeguma novads
0741001,Ķeguma pilsēta,0741009,Ķeguma novads
0741001,Tomes pagasts,0741029,Ķeguma novads
0741001,Birzgales pagasts,0741044,Ķeguma novads
0741001,Rembates pagasts,0741084,Ķeguma novads
0741401,Lielvārdes novads,0741401,Lielvārdes novads
0741401,Lielvārdes pilsēta,0741413,Lielvārdes novads
0741401,Lielvārdes pagasts,0741433,Lielvārdes novads
0741401,Jumpravas pagasts,0741448,Lielvārdes novads
0741401,Lēdmanes pagasts,0741464,Lielvārdes novads
0760202,Preiļu novads,0760202,Preiļu novads
0760202,Preiļu pilsēta,0760201,Preiļu novads
0760202,Aizkalnes pagasts,0760244,Preiļu novads
0760202,Pelēču pagasts,0760256,Preiļu novads
0760202,Preiļu pagasts,0760258,Preiļu novads
0760202,Saunas pagasts,0760274,Preiļu novads
0761201,Līvānu novads,0761201,Līvānu novads
0761201,Līvānu pilsēta,0761211,Līvānu novads
0761201,Jersikas pagasts,0761252,Līvānu novads
0761201,Rožupes pagasts,0761266,Līvānu novads
0761201,Rudzātu pagasts,0761268,Līvānu novads
0761201,Sutru pagasts,0761282,Līvānu novads
0761201,Turku pagasts,0761286,Līvānu novads
0766300,Riebiņu novads,0766300,Riebiņu novads
0766300,Galēnu pagasts,0766348,Riebiņu novads
0766300,Riebiņu pagasts,0766362,Riebiņu novads
0766300,Rušonas pagasts,0766370,Riebiņu novads
0766300,Silajāņu pagasts,0766376,Riebiņu novads
0766300,Sīļukalna pagasts,0766378,Riebiņu novads
0766300,Stabulnieku pagasts,0766380,Riebiņu novads
0769101,Vārkavas novads,0769101,Vārkavas novads
0769101,Rožkalnu pagasts,0769164,Vārkavas novads
0769101,Upmalas pagasts,0769190,Vārkavas novads
0769101,Vārkavas pagasts,0769194,Vārkavas novads
0780200,Rēzeknes novads,0780200,Rēzeknes novads
0780200,Audriņu pagasts,0780242,Rēzeknes novads
0780200,Bērzgales pagasts,0780244,Rēzeknes novads
0780200,Čornajas pagasts,0780246,Rēzeknes novads
0780200,Dricānu pagasts,0780250,Rēzeknes novads
0780200,Feimaņu pagasts,0780252,Rēzeknes novads
0780200,Gaigalavas pagasts,0780254,Rēzeknes novads
0780200,Griškānu pagasts,0780256,Rēzeknes novads
0780200,Ilzeskalna pagasts,0780258,Rēzeknes novads
0780200,Kantinieku pagasts,0780260,Rēzeknes novads
0780200,Kaunatas pagasts,0780262,Rēzeknes novads
0780200,Lendžu pagasts,0780266,Rēzeknes novads
0780200,Lūznavas pagasts,0780268,Rēzeknes novads
0780200,Maltas pagasts,0780270,Rēzeknes novads
0780200,Mākoņkalna pagasts,0780272,Rēzeknes novads
0780200,Nagļu pagasts,0780274,Rēzeknes novads
0780200,Ozolaines pagasts,0780276,Rēzeknes novads
0780200,Ozolmuižas pagasts,0780278,Rēzeknes novads
0780200,Pušas pagasts,0780280,Rēzeknes novads
0780200,Rikavas pagasts,0780282,Rēzeknes novads
0780200,Nautrēnu pagasts,0780284,Rēzeknes novads
0780200,Sakstagala pagasts,0780286,Rēzeknes novads
0780200,Silmalas pagasts,0780288,Rēzeknes novads
0780200,Stoļerovas pagasts,0780292,Rēzeknes novads
0780200,Stružānu pagasts,0780294,Rēzeknes novads
0780200,Vērēmu pagasts,0780296,Rēzeknes novads
0781800,Viļānu novads,0781800,Viļānu novads
0781800,Viļānu pilsēta,0781817,Viļānu novads
0781800,Dekšāres pagasts,0781848,Viļānu novads
0781800,Sokolku pagasts,0781890,Viļānu novads
0781800,Viļānu pagasts,0781898,Viļānu novads
0800600,Baldones novads,0800600,Baldones novads
0800600,Baldones pilsēta,0800605,Baldones novads
0800600,Baldones pagasts,0800625,Baldones novads
0800800,Ķekavas novads,0800800,Ķekavas novads
0800800,Baložu pilsēta,0800807,Ķekavas novads
0800800,Daugmales pagasts,0800856,Ķekavas novads
0800800,Ķekavas pagasts,0800870,Ķekavas novads
0801000,Olaines novads,0801000,Olaines novads
0801000,Olaines pilsēta,0801009,Olaines novads
0801000,Olaines pagasts,0801080,Olaines novads
0801200,Salaspils novads,0801200,Salaspils novads
0801200,Salaspils pilsēta,0801211,Salaspils novads
0801200,Salaspils pagasts,0801231,Salaspils novads
0801400,Saulkrastu novads,0801400,Saulkrastu novads
0801400,Saulkrastu pilsēta,0801413,Saulkrastu novads
0801400,Saulkrastu pagasts,0801433,Saulkrastu novads
0801601,Siguldas novads,0801601,Siguldas novads
0801601,Siguldas pilsēta,0801615,Siguldas novads
0801601,Allažu pagasts,0801642,Siguldas novads
0801601,Mores pagasts,0801666,Siguldas novads
0801601,Siguldas pagasts,0801694,Siguldas novads
0801800,Inčukalna novads,0801800,Inčukalna novads
0801800,Vangažu pilsēta,0801817,Inčukalna novads
0801800,Inčukalna pagasts,0801864,Inčukalna novads
0804400,Ādažu novads,0804400,Ādažu novads
0804900,Babītes novads,0804900,Babītes novads
0804900,Babītes pagasts,0804948,Babītes novads
0804900,Salas pagasts,0804988,Babītes novads
0805200,Carnikavas novads,0805200,Carnikavas novads
0806000,Garkalnes novads,0806000,Garkalnes novads
0806900,Krimuldas novads,0806900,Krimuldas novads
0806900,Lēdurgas pagasts,0806956,Krimuldas novads
0806900,Krimuldas pagasts,0806968,Krimuldas novads
0807400,Mālpils novads,0807400,Mālpils novads
0807600,Mārupes novads,0807600,Mārupes novads
0808400,Ropažu novads,0808400,Ropažu novads
0809200,Sējas novads,0809200,Sējas novads
0809600,Stopiņu novads,0809600,Stopiņu novads
0840200,Saldus novads,0840200,Saldus novads
0840200,Saldus pilsēta,0840201,Saldus novads
0840200,Ezeres pagasts,0840248,Saldus novads
0840200,Jaunauces pagasts,0840256,Saldus novads
0840200,Jaunlutriņu pagasts,0840258,Saldus novads
0840200,Kursīšu pagasts,0840262,Saldus novads
0840200,Lutriņu pagasts,0840266,Saldus novads
0840200,Nīgrandes pagasts,0840270,Saldus novads
0840200,Novadnieku pagasts,0840272,Saldus novads
0840200,Pampāļu pagasts,0840276,Saldus novads
0840200,Rubas pagasts,0840282,Saldus novads
0840200,Saldus pagasts,0840286,Saldus novads
0840200,Šķēdes pagasts,0840288,Saldus novads
0840200,Vadakstes pagasts,0840292,Saldus novads
0840200,Zaņas pagasts,0840294,Saldus novads
0840200,Zirņu pagasts,0840296,Saldus novads
0840200,Zvārdes pagasts,0840298,Saldus novads
0840601,Brocēnu novads,0840601,Brocēnu novads
0840601,Brocēnu pilsēta,0840605,Brocēnu novads
0840601,Cieceres pagasts,0840625,Brocēnu novads
0840601,Blīdenes pagasts,0840644,Brocēnu novads
0840601,Gaiķu pagasts,0840652,Brocēnu novads
0840601,Remtes pagasts,0840680,Brocēnu novads
0880200,Talsu novads,0880200,Talsu novads
0880200,Talsu pilsēta,0880201,Talsu novads
0880200,Sabiles pilsēta,0880213,Talsu novads
0880200,Stendes pilsēta,0880215,Talsu novads
0880200,Valdemārpils pilsēta,0880217,Talsu novads
0880200,Ārlavas pagasts,0880237,Talsu novads
0880200,Abavas pagasts,0880242,Talsu novads
0880200,Balgales pagasts,0880246,Talsu novads
0880200,Ģibuļu pagasts,0880254,Talsu novads
0880200,Īves pagasts,0880258,Talsu novads
0880200,Ķūļciema pagasts,0880264,Talsu novads
0880200,Laidzes pagasts,0880268,Talsu novads
0880200,Laucienes pagasts,0880270,Talsu novads
0880200,Lībagu pagasts,0880272,Talsu novads
0880200,Lubes pagasts,0880274,Talsu novads
0880200,Strazdes pagasts,0880286,Talsu novads
0880200,Valdgales pagasts,0880292,Talsu novads
0880200,Vandzenes pagasts,0880294,Talsu novads
0880200,Virbu pagasts,0880296,Talsu novads
0885100,Dundagas novads,0885100,Dundagas novads
0885100,Dundagas pagasts,0885150,Dundagas novads
0885100,Kolkas pagasts,0885162,Dundagas novads
0887600,Mērsraga novads,0887600,Mērsraga novads
0888301,Rojas novads,0888301,Rojas novads
0900200,Tukuma novads,0900200,Tukuma novads
0900200,Tukuma pilsēta,0900201,Tukuma novads
0900200,Degoles pagasts,0900246,Tukuma novads
0900200,Džūkstes pagasts,0900248,Tukuma novads
0900200,Irlavas pagasts,0900254,Tukuma novads
0900200,Jaunsātu pagasts,0900258,Tukuma novads
0900200,Lestenes pagasts,0900268,Tukuma novads
0900200,Pūres pagasts,0900274,Tukuma novads
0900200,Sēmes pagasts,0900278,Tukuma novads
0900200,Slampes pagasts,0900280,Tukuma novads
0900200,Tumes pagasts,0900284,Tukuma novads
0900200,Zentenes pagasts,0900296,Tukuma novads
0901201,Kandavas novads,0901201,Kandavas novads
0901201,Kandavas pilsēta,0901211,Kandavas novads
0901201,Cēres pagasts,0901244,Kandavas novads
0901201,Kandavas pagasts,0901262,Kandavas novads
0901201,Matkules pagasts,0901270,Kandavas novads
0901201,Vānes pagasts,0901288,Kandavas novads
0901201,Zantes pagasts,0901292,Kandavas novads
0901201,Zemītes pagasts,0901294,Kandavas novads
0905100,Engures novads,0905100,Engures novads
0905100,Engures pagasts,0905150,Engures novads
0905100,Lapmežciema pagasts,0905166,Engures novads
0905100,Smārdes pagasts,0905182,Engures novads
0905700,Jaunpils novads,0905700,Jaunpils novads
0905700,Jaunpils pagasts,0905756,Jaunpils novads
0905700,Viesatu pagasts,0905790,Jaunpils novads
0940200,Valkas novads,0940200,Valkas novads
0940200,Valkas pilsēta,0940201,Valkas novads
0940200,Ērģemes pagasts,0940252,Valkas novads
0940200,Kārķu pagasts,0940266,Valkas novads
0940200,Valkas pagasts,0940288,Valkas novads
0940200,Vijciema pagasts,0940292,Valkas novads
0940200,Zvārtavas pagasts,0940296,Valkas novads
0941600,Smiltenes novads,0941600,Smiltenes novads
0941600,Smiltenes pilsēta,0941615,Smiltenes novads
0941600,Bilskas pagasts,0941644,Smiltenes novads
0941600,Blomes pagasts,0941646,Smiltenes novads
0941600,Brantu pagasts,0941648,Smiltenes novads
0941600,Grundzāles pagasts,0941658,Smiltenes novads
0941600,Launkalnes pagasts,0941670,Smiltenes novads
0941600,Palsmanes pagasts,0941674,Smiltenes novads
0941600,Smiltenes pagasts,0941680,Smiltenes novads
0941600,Variņu pagasts,0941690,Smiltenes novads
0941800,Strenču novads,0941800,Strenču novads
0941800,Sedas pilsēta,0941813,Strenču novads
0941800,Strenču pilsēta,0941817,Strenču novads
0941800,Jērcēnu pagasts,0941860,Strenču novads
0941800,Plāņu pagasts,0941876,Strenču novads
0960200,Kocēnu novads,0960200,Kocēnu novads
0960200,Bērzaines pagasts,0960244,Kocēnu novads
0960200,Dikļu pagasts,0960252,Kocēnu novads
0960200,Kocēnu pagasts,0960264,Kocēnu novads
0960200,Vaidavas pagasts,0960288,Kocēnu novads
0960200,Zilākalna pagasts,0960296,Kocēnu novads
0961000,Mazsalacas novads,0961000,Mazsalacas novads
0961000,Mazsalacas pilsēta,0961011,Mazsalacas novads
0961000,Mazsalacas pagasts,0961031,Mazsalacas novads
0961000,Ramatas pagasts,0961076,Mazsalacas novads
0961000,Sēļu pagasts,0961082,Mazsalacas novads
0961000,Skaņkalnes pagasts,0961084,Mazsalacas novads
0961600,Rūjienas novads,0961600,Rūjienas novads
0961600,Rūjienas pilsēta,0961615,Rūjienas novads
0961600,Ipiķu pagasts,0961656,Rūjienas novads
0961600,Jeru pagasts,0961658,Rūjienas novads
0961600,Lodes pagasts,0961668,Rūjienas novads
0961600,Vilpulkas pagasts,0961694,Rūjienas novads
0964700,Beverīnas novads,0964700,Beverīnas novads
0964700,Brenguļu pagasts,0964746,Beverīnas novads
0964700,Kauguru pagasts,0964762,Beverīnas novads
0964700,Trikātas pagasts,0964784,Beverīnas novads
0967101,Burtnieku novads,0967101,Burtnieku novads
0967101,Burtnieku pagasts,0967148,Burtnieku novads
0967101,Ēveles pagasts,0967154,Burtnieku novads
0967101,Matīšu pagasts,0967170,Burtnieku novads
0967101,Rencēnu pagasts,0967178,Burtnieku novads
0967101,Valmieras pagasts,0967190,Burtnieku novads
0967101,Vecates pagasts,0967192,Burtnieku novads
0967300,Naukšēnu novads,0967300,Naukšēnu novads
0967300,Ķoņu pagasts,0967366,Naukšēnu novads
0967300,Naukšēnu pagasts,0967372,Naukšēnu novads
0980200,Ventspils novads,0980200,Ventspils novads
0980200,Piltenes pilsēta,0980213,Ventspils novads
0980200,Piltenes pagasts,0980233,Ventspils novads
0980200,Ances pagasts,0980244,Ventspils novads
0980200,Jūrkalnes pagasts,0980250,Ventspils novads
0980200,Popes pagasts,0980256,Ventspils novads
0980200,Puzes pagasts,0980260,Ventspils novads
0980200,Tārgales pagasts,0980266,Ventspils novads
0980200,Ugāles pagasts,0980270,Ventspils novads
0980200,Usmas pagasts,0980274,Ventspils novads
0980200,Užavas pagasts,0980278,Ventspils novads
0980200,Vārves pagasts,0980284,Ventspils novads
0980200,Ziru pagasts,0980290,Ventspils novads
0980200,Zlēku pagasts,0980294,Ventspils novads
